﻿<?xml version="1.0" encoding="utf-8"?>
<ModMetaData>
  <name>Mechanical Defense 2 - deep storage</name>
  <author>mipen</author>
  <targetVersion>0.18.1722</targetVersion>
  <url>https://ludeon.com/forums/index.php?topic=38010</url>
	<description>"Mechanical Defense 2" (MD2)
	
	requires extended storage mod now!
	
	- deep storage
	
	>>Deep Storage Unit - A storage unit that is used to store a large quantity of a type of item.
	
	update by sulusdacor
	
	Download links for Dropbox or Steamworkshop link can be found in the ludeon forum thread linked above.</description>
</ModMetaData>